{
  "train_loss": [
    0.5056237882415721,
    0.4110294365442839,
    0.4007739079678619,
    0.3919387494757671,
    0.38471302480105585,
    0.3802267034481836,
    0.376646047270538,
    0.35586685227267695,
    0.3500937622465543,
    0.34005423515235017,
    0.33967189190771757,
    0.32891468548734715,
    0.338061306450591,
    0.3153484848471696,
    0.3270456419895159,
    0.3296870641760378,
    0.3244735851083826,
    0.3217072779900276,
    0.32543125233594206,
    0.31954459590999873,
    0.2881189042439797,
    0.3107519384298549,
    0.29263817096416583,
    0.2901826529144841,
    0.29286602617010177,
    0.29462192307582635,
    0.3035632591419572,
    0.2976021044106291,
    0.2852230232784012,
    0.2960235686260182,
    0.28777344242338365,
    0.2867330307853502,
    0.2807850708947486,
    0.28208100685737275,
    0.2810067501694164,
    0.2936170160670408,
    0.29220468975953606,
    0.30112097472352467,
    0.29730989043944633,
    0.2810997123761265,
    0.27307812158243366,
    0.27215453541068824,
    0.2711213311593004,
    0.27953506401121214,
    0.279339840298131,
    0.27488131131101773,
    0.2754484267542826,
    0.2730590567842826,
    0.27069001932372183,
    0.2763377117280592,
    0.26855968087661586,
    0.25807038194581167,
    0.2567295165319971,
    0.27037593747345395,
    0.2737376304630865,
    0.2646588103708205,
    0.2625273399605047,
    0.2595080123251717,
    0.252172505145505,
    0.2585310133911619,
    0.2592543485330655,
    0.24760810553327503,
    0.24004194426706574,
    0.24610686362189735,
    0.24502903724326783,
    0.24405997529025847,
    0.24526701822576907,
    0.23879312998896476,
    0.24287120759137124,
    0.24315076458874166,
    0.24246945302158393,
    0.24428190118414445,
    0.23326300369613123,
    0.24362163668210873,
    0.22804759439055952,
    0.24278251116707822,
    0.2435108447984961,
    0.23869332362391404,
    0.2320165508520483,
    0.23019663733273946,
    0.23392299271419945,
    0.23190627852142257,
    0.23440308407599095,
    0.23519614266369165,
    0.2369414340429658,
    0.23256022210589192,
    0.23127765873534567,
    0.23236211830587594,
    0.23212353600151586,
    0.22515564611894173,
    0.2336876100216736,
    0.23744504656267645,
    0.23081337050503534,
    0.22391682266939006,
    0.2311844700984907,
    0.22622625482262382,
    0.2304428693832167,
    0.21786179174762843,
    0.2343855597228812,
    0.22943155162486453
  ],
  "val_loss": [
    0.4314293175373437,
    0.37464111143687984,
    0.35256814422472466,
    0.3492391654905283,
    0.3641868641354003,
    0.3450997196278482,
    0.3404596852806379,
    0.29193634216515524,
    0.2789607919612021,
    0.2585438664229411,
    0.2638942810162058,
    0.2686690816058303,
    0.26227820165595916,
    0.24150955438051583,
    0.2657951369600476,
    0.2642074245608078,
    0.27151186061355304,
    0.24448678993953848,
    0.26020061688603097,
    0.25640651738306264,
    0.23056699546440593,
    0.26054137509386494,
    0.22909643543216418,
    0.2265697014781664,
    0.2314205493004817,
    0.2506861652968065,
    0.2219395733104562,
    0.22736526983526517,
    0.22229555052406383,
    0.24116122104086965,
    0.2139597290529395,
    0.2158585637104961,
    0.21901391776946355,
    0.21405671213595373,
    0.22412114843445005,
    0.22858424934576144,
    0.22906591504249932,
    0.2562631104352339,
    0.22463001915306416,
    0.22027845512021263,
    0.20730554326525275,
    0.21042229706105195,
    0.22071539441931923,
    0.21450053085133713,
    0.20514791683768327,
    0.20014719721281304,
    0.21430739872860458,
    0.207701693728285,
    0.21008508525929362,
    0.20356576243099175,
    0.21022634939202722,
    0.2059864393382702,
    0.2040608454987688,
    0.2054123229013299,
    0.206384595413253,
    0.21519160087940828,
    0.20038864466379275,
    0.21116747777417022,
    0.19806039227910763,
    0.2080890824491123,
    0.1998603140126984,
    0.20330348315666308,
    0.19944094283119687,
    0.19939143857303657,
    0.198656069923122,
    0.19450891425587097,
    0.18777086965317996,
    0.18951241095673363,
    0.192908155046544,
    0.19261895555932568,
    0.19332193224778715,
    0.1889246402062335,
    0.1895074447933233,
    0.18791318776191407,
    0.18970622192576247,
    0.1902928553381056,
    0.18923245447705378,
    0.19310272372556184,
    0.18830200994633278,
    0.18348692245078538,
    0.18797801083551263,
    0.18788319151356536,
    0.19271412597231144,
    0.18860579338276162,
    0.1882690499132534,
    0.18646834917225927,
    0.18943240746574583,
    0.1847350094115959,
    0.188052218758835,
    0.1874957150726948,
    0.18896334801080092,
    0.18749369399727517,
    0.18571022574631674,
    0.18589244874299699,
    0.1889335791457374,
    0.1876242683743531,
    0.1893989327802973,
    0.19063884336149917,
    0.189938541290895,
    0.18827988460378828
  ],
  "val_dice": [
    0.5518867975136019,
    0.5518867975136019,
    0.5518867975136019,
    0.682999703119386,
    0.6240613078171352,
    0.7273318632593695,
    0.47199741174589915,
    0.7042418510284064,
    0.6853653631120358,
    0.6710113433172118,
    0.7208264127092542,
    0.7121475164620381,
    0.7076661918523177,
    0.7645625685745815,
    0.7364554000350664,
    0.6952325673598163,
    0.6707827398237193,
    0.7288082568150647,
    0.7255895216509981,
    0.6923770263509931,
    0.7636020155447834,
    0.7224905901360061,
    0.7526544956666119,
    0.773678127887114,
    0.7158592478284296,
    0.6802611692615275,
    0.7850782072769021,
    0.7477174221344713,
    0.7468042176849438,
    0.6842367497255217,
    0.7746547741710015,
    0.781038799375858,
    0.7534553824730639,
    0.7876713050986236,
    0.7756713297007218,
    0.7319691726621592,
    0.7369707046814684,
    0.6472420113266639,
    0.7639105280615249,
    0.7773874638215551,
    0.7905992651885411,
    0.7523296377006566,
    0.7862823031983286,
    0.7858609782074982,
    0.7845967378256455,
    0.7983791524509214,
    0.7891305375773952,
    0.7641341219533164,
    0.7710421557696361,
    0.7640837211653871,
    0.7948198262250649,
    0.784320704217227,
    0.7980779639954837,
    0.7829859436682935,
    0.7573436290588019,
    0.7877512748511333,
    0.7861391322792701,
    0.7636386493466935,
    0.8105051163232552,
    0.8013366010953795,
    0.7992198545977754,
    0.802634171719821,
    0.8047056805412725,
    0.8049283916095518,
    0.8038750706978564,
    0.8152354309019053,
    0.8020292447423035,
    0.808776135714549,
    0.8084457021839214,
    0.7975595447252382,
    0.8116421665785447,
    0.8069102679783443,
    0.8082338234163681,
    0.8146204110586418,
    0.7998821493589653,
    0.8104373919513991,
    0.7979132493711868,
    0.8175509403336723,
    0.8185943719351066,
    0.8147994937761774,
    0.8194128477348471,
    0.8118543574270213,
    0.8176725810428835,
    0.8170581662429953,
    0.8095750645646509,
    0.8157526040976902,
    0.8165067209387725,
    0.8186306902822459,
    0.8175826421323812,
    0.8176510783861268,
    0.817360022157993,
    0.8165512619153509,
    0.8194923957563797,
    0.8203762859668372,
    0.8161508086717354,
    0.818516011508006,
    0.8175025492344262,
    0.8164127918909181,
    0.8179177265122252,
    0.8164972162471628
  ],